"View Credit Memo","Visa kreditnota"
"Issue Credit Memo","UtfÃĊrda kreditnota"
"Approve","GodkÃĊnn"
"Approve this withdrawal request?","GodkÃĊnn denna ÃċngerbegÃĊran?"
"Deny","AvslÃċ"
"Legal reason for denial (min 10 chars):","RÃĊttslig grund fÃ¶r avslag (min. 10 tecken):"
"Cancel Request","Avbryt begÃĊran"
"Cancel this withdrawal? Add an optional note for the customer (visible in their cancellation email):","Avbryt detta ÃċngerÃĊrende? LÃĊgg eventuellt till en notering till kunden (visas i avbokningsmejlet):"
"Resend Receipt","Skicka kvitto igen"
"Send the receipt email again? The customer will receive another copy.","Skicka kvittensmejlet pÃċ nytt? Kunden kommer att fÃċ ytterligare en kopia."
"Withdrawal Request #%1","ÃngerbegÃĊran #%1"
"Request Details","Detaljer fÃ¶r begÃĊran"
"Information","Information"
"Reason for Denial","SkÃĊl fÃ¶r avslag"
"Customer Cancellation Note","Kundens avbokningsnotering"
"Cancellation Note","Avbokningsnotering"
"Status-Change Note","Notering vid statusÃĊndring"
"Code","Kod"
"Label","Etikett"
"Add Reason","LÃĊgg till skÃĊl"
"In progress","PÃċgÃċr"
"Refund issued","Ãterbetalning utfÃĊrdad"
"Denied","Avslagen"
"Cancelled","Avbruten"
"Pending","VÃĊntar"
"This is a transactional email about your order.","Detta ÃĊr ett transaktionsmejl om din order."
"Reason for denial","SkÃĊl fÃ¶r avslag"
"Your cancellation note","Din avbokningsnotering"
"Note from our team","Meddelande frÃċn oss"
"EU right of withdrawal","EU:s ÃċngerrÃĊtt"
"Withdrawal right pending delivery","ÃngerrÃĊtt vÃĊntar pÃċ leverans"
"Withdrawal window has ended","Ãngerfrist har lÃ¶pt ut"
"Not eligible for withdrawal","BerÃĊttigar inte till ÃċngerrÃĊtt"
"Withdrawal already requested","ÃngerbegÃĊran redan inskickad"
"You can withdraw from this contract any time â the 14-day deadline begins counting once the order is delivered.","Du kan frÃċntrÃĊda detta avtal nÃĊr som helst â 14-dagarsfristen bÃ¶rjar lÃ¶pa nÃĊr ordern har levererats."
"Your 14-day withdrawal window will begin once this order is delivered.","Din 14-dagars Ãċngerfrist bÃ¶rjar lÃ¶pa nÃĊr denna order har levererats."
"The 14-day window for withdrawing from this contract has ended.","14-dagarsfristen fÃ¶r att frÃċntrÃĊda detta avtal har lÃ¶pt ut."
"This order is not eligible for withdrawal under EU consumer law (Art. 16 Directive 2011/83/EU).","Denna order ÃĊr inte berÃĊttigad till ÃċngerrÃĊtt enligt EU:s konsumentlagstiftning (art. 16 direktiv 2011/83/EU)."
"A withdrawal request for this order has been submitted. See the request details below.","En ÃċngerbegÃĊran har skickats in fÃ¶r denna bestÃĊllning. Se detaljer fÃ¶r begÃĊran nedan."
"This order contains a perishable item that cannot be returned (food with short shelf life, fresh flowers, etc.).","Denna order innehÃċller en lÃĊttfÃ¶rdÃĊrvlig vara som inte kan returneras (livsmedel med kort hÃċllbarhet, fÃĊrska blommor m.m.)."
"This order contains a custom-made or personalised item that cannot be returned.","Denna order innehÃċller en specialtillverkad eller personlig vara som inte kan returneras."
"This order contains a sealed hygiene item. You keep the right of withdrawal only while the seal stays intact â once unsealed after delivery, the right is lost.","Denna order innehÃċller en fÃ¶rseglad hygienartikel. Du behÃċller ÃċngerrÃĊtten endast sÃċ lÃĊnge fÃ¶rseglingen ÃĊr intakt â nÃĊr fÃ¶rseglingen brutits efter leverans fÃ¶rloras rÃĊtten."
"This order contains a sealed audio / video / software item. You keep the right of withdrawal only while the seal stays intact â once unsealed after delivery, the right is lost.","Denna order innehÃċller en fÃ¶rseglad ljud-/video-/programvaruvara. Du behÃċller ÃċngerrÃĊtten endast sÃċ lÃĊnge fÃ¶rseglingen ÃĊr intakt â nÃĊr fÃ¶rseglingen brutits efter leverans fÃ¶rloras rÃĊtten."
"This order contains digital content. Once you start using or downloading the content, you lose the right of withdrawal (you consented to this at checkout).","Denna order innehÃċller digitalt innehÃċll. SÃċ snart du bÃ¶rjar anvÃĊnda eller ladda ner innehÃċllet fÃ¶rlorar du ÃċngerrÃĊtten (du samtyckte till detta i kassan)."
"%1 item(s) ÂṖ Refund %2","%1 artikel(ar) ÂṖ Ãterbetalning %2"
"Awaiting confirmation","VÃĊntar pÃċ bekrÃĊftelse"
"Cancel withdrawal %1? Your refund will not be processed.","Avbryt ÃċngerÃĊrende %1? Din Ãċterbetalning kommer inte att behandlas."
"Submitted","Inskickad"
"Approved","GodkÃĊnd"
"Fully returned","FullstÃĊndigt returnerad"
"Return requested","Retur begÃĊrd"
"Not eligible","Inte berÃĊttigad"
"Partially requested","Delvis begÃĊrd"
"â Select a reason â","â VÃĊlj ett skÃĊl â"
"Other","Annat"
"The refund will be issued using your original payment method within 5-7 business days after we receive your return.","Ãterbetalningen kommer att gÃ¶ras via din ursprungliga betalningsmetod inom 5-7 arbetsdagar efter att vi mottagit din retur."
"Withdrawal right lost (Art. 16(m) CRD) â digital performance started on %1.","ÃngerrÃĊtt fÃ¶rlorad (art. 16(m) CRD) â digital leverans pÃċbÃ¶rjad %1."
"Request #%1 not found.","BegÃĊran #%1 hittades inte."
"Receipt email re-queued for request #%1. Delivery will retry asynchronously.","Kvittensmejlet fÃ¶r begÃĊran #%1 har lagts i kÃ¶ igen. Leveransen fÃ¶rsÃ¶ks om asynkront."
"Failed to queue receipt resend: %1","Det gick inte att kÃ¶a omsÃĊndning av kvitto: %1"
"Note text is empty.","Noteringstexten ÃĊr tom."
"Note added to request #%1.","Notering tillagd pÃċ begÃĊran #%1."
"Request #%1 approved.","BegÃĊran #%1 godkÃĊnd."
"Request #%1 cancelled.","BegÃĊran #%1 avbruten."
"Request #%1 denied.","BegÃĊran #%1 avslagen."
"Invalid request id.","Ogiltigt begÃĊran-ID."
"Unable to open temporary file for CSV export.","Det gick inte att Ã¶ppna temporÃĊr fil fÃ¶r CSV-export."
"Withdrawal Requests","ÃngerbegÃĊranden"
"%1 requests queued for acceptance.","%1 begÃĊranden kÃ¶ade fÃ¶r godkÃĊnnande."
"%1 request(s) approved.","%1 begÃĊran(/-anden) godkÃĊnd(a)."
"%1 request(s) failed. First errors: %2","%1 begÃĊran(/-anden) misslyckades. FÃ¶rsta felen: %2"
"Note added to %1 request(s).","Notering tillagd pÃċ %1 begÃĊran(/-anden)."
"Underlying order #%1 not found.","Underliggande order #%1 hittades inte."
"Order #%1 has no invoice yet â Magento requires an invoice before a credit memo can be created. Open an invoice first (Sales â Orders â #%1 â Invoice button), then return here to refund.","Order #%1 har ÃĊnnu ingen faktura â Magento krÃĊver en faktura innan en kreditnota kan skapas. Skapa en faktura fÃ¶rst (SÃĊlj â Ordrar â #%1 â knappen Fakturera) och ÃċtervÃĊnd sedan hit fÃ¶r att Ãċterbetala."
"No items recorded on this withdrawal request â the credit memo will open with default invoice qtys; please adjust manually.","Inga artiklar ÃĊr registrerade pÃċ denna ÃċngerbegÃĊran â kreditnotan Ã¶ppnas med standardantal frÃċn fakturan; justera manuellt."
"Pre-filled credit memo for withdrawal #%1 â review the qtys + shipping refund below, then click Refund Online or Refund Offline.","FÃ¶rifylld kreditnota fÃ¶r ÃċngerÃĊrende #%1 â granska antal och fraktÃċterbetalning nedan och klicka sedan pÃċ Ãterbetala online eller Ãterbetala offline."
"Some items are no longer eligible. Please reload and try again.","Vissa artiklar ÃĊr inte lÃĊngre berÃĊttigade. Ladda om sidan och fÃ¶rsÃ¶k igen."
"We could not process your request. Please try again.","Vi kunde inte behandla din begÃĊran. FÃ¶rsÃ¶k igen."
"Item","Artikel"
"We could not find a matching order for that email.","Vi kunde inte hitta nÃċgon matchande order fÃ¶r den e-postadressen."
"Withdraw from a contract","Ãngra avtalet"
"Withdrawal not found.","ÃngerÃĊrende hittades inte."
"This withdrawal can no longer be cancelled online. Contact us if you need help.","Detta ÃċngerÃĊrende kan inte lÃĊngre avbrytas online. Kontakta oss om du behÃ¶ver hjÃĊlp."
"Withdrawal #%1 cancelled.","ÃngerÃĊrende #%1 avbrutet."
"Please fill in all required fields.","Fyll i alla obligatoriska fÃĊlt."
"%1 item(s) were excluded from the withdrawal because the seal is broken (Art. 16(e)/(i) Directive 2011/83/EU).","%1 artikel(/-ar) uteslÃ¶ts frÃċn ÃċngerÃĊrendet eftersom fÃ¶rseglingen ÃĊr bruten (art. 16(e)/(i) direktiv 2011/83/EU)."
"Please select at least one item to withdraw.","VÃĊlj minst en artikel fÃ¶r ÃċngerrÃĊtt."
"One or more items are no longer available for withdrawal. Please refresh and try again.","En eller flera artiklar ÃĊr inte lÃĊngre tillgÃĊngliga fÃ¶r ÃċngerrÃĊtt. Ladda om sidan och fÃ¶rsÃ¶k igen."
"None of the selected items are eligible for withdrawal.","Ingen av de valda artiklarna ÃĊr berÃĊttigad till ÃċngerrÃĊtt."
"Hash mismatch for quote item %1","Hash-matchning misslyckades fÃ¶r offertrad %1"
"Requested qty %1 exceeds remaining %2 for order item %3","BegÃĊrt antal %1 Ã¶verstiger ÃċterstÃċende %2 fÃ¶r orderrad %3"
"No delivery confirmation recorded for this order yet.","Ingen leveransbekrÃĊftelse ÃĊr ÃĊnnu registrerad fÃ¶r denna order."
"No eligible items selected for withdrawal","Inga berÃĊttigade artiklar har valts fÃ¶r ÃċngerrÃĊtt"
"Physical goods","Fysiska varor"
"Digital content (non-tangible)","Digitalt innehÃċll (icke-fysiskt)"
"Digital service (SaaS / subscription)","Digital tjÃĊnst (SaaS/prenumeration)"
"Financial services (not supported)","Finansiella tjÃĊnster (stÃ¶ds inte)"
"Downloadable products","Nedladdningsbara produkter"
"Virtual products","Virtuella produkter"
"Bundles containing digital children","Paket som innehÃċller digitala underartiklar"
"Custom attribute flag","Flagga fÃ¶r anpassat attribut"
"locale_inheritance.xml missing at %1","locale_inheritance.xml saknas vid %1"
"locale_inheritance.xml unreadable at %1","locale_inheritance.xml gÃċr inte att lÃĊsa vid %1"
"locale_inheritance.xml failed XSD validation: %1","locale_inheritance.xml klarade inte XSD-validering: %1"
"Original payment method","Ursprunglig betalningsmetod"
"This is your durable-medium receipt for the withdrawal (Art. 11a(4) Directive 2011/83/EU).","Detta ÃĊr ditt kvitto i varaktig form fÃ¶r ÃċngerÃĊrendet (art. 11a(4) direktiv 2011/83/EU)."
"This email is a notification about your withdrawal request.","Detta mejl ÃĊr ett meddelande om ditt ÃċngerÃĊrende."
"5â7 business days","5â7 arbetsdagar"
"This is a confirmation that your withdrawal request has been recorded.","Detta ÃĊr en bekrÃĊftelse pÃċ att ditt ÃċngerÃĊrende har registrerats."
"MageMe EU Withdrawal is installed but not enabled. Review the compliance checklist and configure the module before enabling: <a href=""%1"">Stores â Configuration â MageMe Extensions â EU Withdrawal</a>.","MageMe EU Withdrawal ÃĊr installerad men inte aktiverad. GÃċ igenom efterlevnadschecklistan och konfigurera modulen innan du aktiverar den: <a href=""%1"">Butiker â Konfiguration â MageMe-tillÃĊgg â EU Withdrawal</a>."
"Delivery confirmation status is not configured. Set Stores â Configuration â MageMe Extensions â EU Withdrawal â Withdrawal Period â Delivery Confirmation Statuses.","Status fÃ¶r leveransbekrÃĊftelse ÃĊr inte konfigurerad. StÃĊll in Butiker â Konfiguration â MageMe-tillÃĊgg â EU Withdrawal â Ãngerfrist â Statusar fÃ¶r leveransbekrÃĊftelse."
"No Annex I source found for locale %1 along chain %2","Ingen kÃĊlla fÃ¶r bilaga I hittades fÃ¶r sprÃċket %1 i kedjan %2"
"Annex I source for locale %1 is malformed","KÃĊllan fÃ¶r bilaga I fÃ¶r sprÃċket %1 ÃĊr felaktigt formaterad"
"Missing merchant variables for Annex I rendering: %1","Saknade handlarvariabler fÃ¶r rendering av bilaga I: %1"
"Receipt hash mismatch for request %1","Hash-matchning av kvitto misslyckades fÃ¶r begÃĊran %1"
"Request %1 not found.","BegÃĊran %1 hittades inte."
"Denying a withdrawal request requires a legal basis of at least 10 characters.","Avslag av en ÃċngerbegÃĊran krÃĊver en rÃĊttslig grund pÃċ minst 10 tecken."
"Withdrawal request cannot transition from ""%1"" to ""%2"".","ÃngerbegÃĊran kan inte gÃċ frÃċn ""%1"" till ""%2""."
"Request %1 is not in pending_confirm state.","BegÃĊran %1 ÃĊr inte i tillstÃċndet pending_confirm."
"Withdrawal request #%1 does not exist.","ÃngerbegÃĊran #%1 finns inte."
"No digital items on order %1","Inga digitala artiklar i ordern %1"
"This is your durable-medium copy of the waiver you signed at checkout (Art. 11a(4) Directive 2011/83/EU).","Detta ÃĊr din kopia i varaktig form av det avstÃċende du undertecknade i kassan (art. 11a(4) direktiv 2011/83/EU)."
"Waived","AvstÃċtt"
"Waiver email render failed: %1","Rendering av samtyckes-e-post misslyckades: %1"
"Digital content waiver text has changed â please reload checkout.","Texten fÃ¶r samtycket till digitalt innehÃċll har ÃĊndrats â ladda om kassan."
"Digital content waiver is incomplete for item %1.","Samtycket till digitalt innehÃċll ÃĊr ofullstÃĊndigt fÃ¶r rad %1."
"bad","dÃċligt"
"smtp down","smtp down"
"smtp","smtp"
"down","nere"
"No shipment found for order 42.","Ingen leverans hittades fÃ¶r order 42."
"View","Visa"
"Withdrawal & Customer Information","ÃngerÃĊrende och kunduppgifter"
"Request # %1","BegÃĊran nr %1"
"Request Status","Status fÃ¶r begÃĊran"
"Submitted At","Inskickad"
"Confirmed At","BekrÃĊftad"
"Related Order","Relaterad order"
"Jurisdiction","Jurisdiktion"
"Contract Type","Avtalstyp"
"Receipt Status","Kvittostatus"
"%1 attempt(s)","%1 fÃ¶rsÃ¶k"
"Receipt Error","Fel pÃċ kvitto"
"Customer Information","Kunduppgifter"
"Customer Name","Kundens namn"
"Email","E-post"
"Locale","SprÃċk"
"Items Selected for Withdrawal","Artiklar valda fÃ¶r ÃċngerrÃĊtt"
"Product","Produkt"
"Price","Pris"
"Qty","Antal"
"Subtotal","Delsumma"
"Refund","Ãterbetalning"
"Reason","Anledning"
"Eligibility","BerÃĊttigande"
"No items associated with this request.","Inga artiklar ÃĊr kopplade till denna begÃĊran."
"SKU","SKU"
"Ordered","BestÃĊllt"
"Withdrawing","Ãngrar"
"Refund Total","Total Ãċterbetalning"
"Notes for this Request","Anteckningar fÃ¶r denna begÃĊran"
"Internal notes â visible to admin staff only. Not sent to the customer.","Interna anteckningar â synliga endast fÃ¶r administratÃ¶rer. Skickas inte till kunden."
"Comment","Kommentar"
"Add internal note (max 2000 chars)","LÃĊgg till intern anteckning (max 2000 tecken)"
"Submit Comment","Skicka kommentar"
"No comments added yet.","Inga kommentarer har lagts till ÃĊnnu."
" by %1"," av %1"
"Refund Totals","Totaler fÃ¶r Ãċterbetalning"
"Items Subtotal","Delsumma artiklar"
"Shipping Refund","Ãterbetalning av frakt"
"Total Refund","Total Ãċterbetalning"
"Changes have been made to this section that have not been saved.","Ãndringar har gjorts i detta avsnitt som inte har sparats."
"This tab contains invalid data. Please resolve this before saving.","Denna flik innehÃċller ogiltiga uppgifter. ÃtgÃĊrda detta innan du sparar."
"Contact us","Kontakta oss"
"Returns","Returer"
"FAQs","Vanliga frÃċgor"
"All rights reserved.","Alla rÃĊttigheter fÃ¶rbehÃċllna."
"Returned items","Returnerade artiklar"
"No image","Ingen bild"
"Item status","Artikelstatus"
"Withdrawal options for this order","ÃngerrÃĊttsalternativ fÃ¶r denna order"
"You can return this order until %1.","Du kan returnera denna order fram till %1."
"(Art. 11a Directive 2011/83/EU)","(Art. 11a direktiv 2011/83/EU)"
"Submit a withdrawal request to start the refund process.","Skicka in en ÃċngerbegÃĊran fÃ¶r att starta Ãċterbetalningsprocessen."
"(Art. 9(2)(b) Directive 2011/83/EU)","(Art. 9(2)(b) direktiv 2011/83/EU)"
"Start withdrawal","Starta ÃċngerrÃĊtt"
"Your withdrawal requests","Dina ÃċngerÃĊrenden"
"Submitted %1","Inskickat %1"
"Show items","Visa artiklar"
"Cancel withdrawal","Avbryt ÃċngerÃĊrende"
"Qty %1","Antal %1"
"Receipt details","Kvittodetaljer"
"Receipt number","Kvittonummer"
"Order number","Ordernummer"
"Confirmed","BekrÃĊftad"
"Consumer","Konsument"
"Refund total","Total Ãċterbetalning"
"Merchant","Handlare"
"Legal basis","RÃĊttslig grund"
"SKU %1","SKU %1"
"Shipping refund","Ãterbetalning av frakt"
"Tax refund","Ãterbetalning av skatt"
"Total refund","Total Ãċterbetalning"
"Digital content â Art. 16(m) notice","Digitalt innehÃċll â Meddelande enligt art. 16(m)"
"By placing the order you agreed to begin performance of the digital content before the end of the withdrawal period and acknowledged that, once performance has begun, the right of withdrawal no longer applies. This notice is shown for your records.","Genom att lÃĊgga ordern samtyckte du till att leveransen av det digitala innehÃċllet pÃċbÃ¶rjas innan Ãċngerfristen lÃ¶per ut och bekrÃĊftade att ÃċngerrÃĊtten inte lÃĊngre gÃĊller nÃĊr leveransen har pÃċbÃ¶rjats. Detta meddelande visas fÃ¶r dina handlingar."
"Existing withdrawals for this order","Befintliga ÃċngerÃĊrenden fÃ¶r denna order"
"You can cancel a withdrawal here until it is approved.","Du kan avbryta ett ÃċngerÃĊrende hÃĊr tills det godkÃĊnns."
"Request #%1","BegÃĊran #%1"
"SKU: %1","SKU: %1"
"Estimated refund: %1 %2","BerÃĊknad Ãċterbetalning: %1 %2"
"Cancel this withdrawal","Avbryt detta ÃċngerÃĊrende"
"Are you sure? This cannot be undone.","Ãr du sÃĊker? Detta kan inte Ãċngras."
"Yes, cancel","Ja, avbryt"
"Keep it","BehÃċll"
"That order does not belong to your account. Please select one of your own orders.","Den ordern tillhÃ¶r inte ditt konto. VÃĊlj en av dina egna ordrar."
"Select items to return","VÃĊlj artiklar att returnera"
"Choose all items or only some of them. Set the return quantity for each item you want to withdraw.","VÃĊlj alla artiklar eller endast nÃċgra. Ange returkvantitet fÃ¶r varje artikel du vill Ãċngra."
"You have 14 days from the day you received your order to withdraw from the contract without giving a reason.","Du har 14 dagar frÃċn den dag du tog emot din order att frÃċntrÃĊda avtalet utan att ange nÃċgra skÃĊl."
"Back to order search","Tillbaka till ordersÃ¶kning"
"Cancel","Avbryt"
"Continue to review","FortsÃĊtt till granskning"
"Review and confirm","Granska och bekrÃĊfta"
"Order #%1","BestÃĊllning #%1"
"Placed on %1","Lagd den %1"
"Awaiting delivery","VÃĊntar pÃċ leverans"
"Delivered on %1","Levererad den %1"
"Total","Totalt"
"Return shipping","Returfrakt"
"View return policy","Se returpolicy"
"Refund method","Ãterbetalningsmetod"
"Refund will be issued to your original payment method.","Ãterbetalningen kommer att gÃ¶ras till din ursprungliga betalningsmetod."
"Return summary","ReturÃ¶versikt"
"Shipping & Handling","Frakt och hantering"
"Tax","Skatt"
"Back to items","Tillbaka till artiklar"
"Submit return request","Skicka returbegÃĊran"
"Your return request has been submitted!","Din returbegÃĊran har skickats in!"
"We've emailed you a notification with your return details and a prepaid return label (if applicable). You have 14 days from the delivery date to send your items back.","Vi har mejlat dig ett meddelande med dina returdetaljer och en fÃ¶rbetald returetikett (om tillÃĊmpligt). Du har 14 dagar frÃċn leveransdatumet pÃċ dig att skicka tillbaka dina artiklar."
"Return request number","ReturbegÃĊrans nummer"
"Copy request number","Kopiera begÃĊrannummer"
"Copied!","Kopierad!"
"Confirmation email sent","BekrÃĊftelsemejl skickat"
"We've sent the details to","Vi har skickat detaljerna till"
"What happens next?","Vad hÃĊnder nu?"
"Pack your items securely","Packa dina artiklar sÃĊkert"
"Send them back using the provided instructions","Skicka tillbaka dem enligt de angivna instruktionerna"
"We'll inspect your return","Vi inspekterar din retur"
"Your refund will be issued to your original payment method","Din Ãċterbetalning gÃ¶rs till din ursprungliga betalningsmetod"
"Need more help?","BehÃ¶ver du mer hjÃĊlp?"
"View my returns","Visa mina returer"
"Contact support","Kontakta support"
"Purchased","KÃ¶pta"
"Returned","Returnerade"
"Decrease quantity","Minska antal"
"Increase quantity","Ãka antal"
"Has the hygiene seal been broken after delivery?","Har hygienfÃ¶rseglingen brutits efter leverans?"
"Has the original software / media seal been broken after delivery?","Har den ursprungliga programvaru-/mediafÃ¶rseglingen brutits efter leverans?"
"No, the seal is intact","Nej, fÃ¶rseglingen ÃĊr intakt"
"Refund possible â return the unopened package.","Ãterbetalning mÃ¶jlig â returnera det oÃ¶ppnade paketet."
"Yes, the seal is broken","Ja, fÃ¶rseglingen ÃĊr bruten"
"This item cannot be returned (Art. 16(e) Directive 2011/83/EU).","Denna artikel kan inte returneras (art. 16(e) direktiv 2011/83/EU)."
"This item cannot be returned (Art. 16(i) Directive 2011/83/EU).","Denna artikel kan inte returneras (art. 16(i) direktiv 2011/83/EU)."
"Once you confirm the seal is broken, this item is excluded from the withdrawal request and the quantity will be reset to zero.","NÃĊr du bekrÃĊftar att fÃ¶rseglingen ÃĊr bruten utesluts denna artikel frÃċn ÃċngerbegÃĊran och antalet ÃċterstÃĊlls till noll."
"Reason for return (optional)","ReturskÃĊl (valfritt)"
"Tell us more (optional, max 500 chars)","BerÃĊtta mer (valfritt, max 500 tecken)"
"Already returned.","Redan returnerat."
"awaiting admin review","vÃĊntar pÃċ administratÃ¶rsgranskning"
"awaiting confirmation","vÃĊntar pÃċ bekrÃĊftelse"
"Request %1 %2 (%3 item%4).","BegÃĊran %1 %2 (%3 artikel%4)."
"Return request awaiting review.","ReturbegÃĊran vÃĊntar pÃċ granskning."
"Cancel request","Avbryt begÃĊran"
"Under EU consumer law, you may withdraw from most contracts within 14 days without giving a reason.","Enligt EU:s konsumentlagstiftning fÃċr du frÃċntrÃĊda de flesta avtal inom 14 dagar utan att ange nÃċgot skÃĊl."
"Read your full pre-contract rights (Art. 6)","LÃĊs alla dina rÃĊttigheter fÃ¶re avtalsslut (art. 6)"
"Under Art. 6 of Directive 2011/83/EU (as amended by Directive (EU) 2023/2673), before you placed this order the seller informed you â or made available â the following information:","Enligt art. 6 i direktiv 2011/83/EU (i dess lydelse enligt direktiv (EU) 2023/2673) informerade sÃĊljaren dig om â eller gjorde tillgÃĊnglig â fÃ¶ljande information innan du lade ordern:"
"The main characteristics of the goods or services.","Varornas eller tjÃĊnsternas huvudsakliga egenskaper."
"The identity and contact details of the trader.","NÃĊringsidkarens identitet och kontaktuppgifter."
"The total price including all taxes and any delivery costs.","Det totala priset inklusive alla skatter och eventuella leveranskostnader."
"The arrangements for payment, delivery and performance, and complaint-handling.","Villkor fÃ¶r betalning, leverans och utfÃ¶rande samt klagomÃċlshantering."
"Your right of withdrawal: under Art. 9 you have 14 days to withdraw from this distance contract without giving a reason. For physical goods, the 14-day period starts on the day you (or a third party nominated by you) take physical possession of the goods. For services and digital content, different starting dates apply (Art. 9(2)(a)/(c)).","Din ÃċngerrÃĊtt: enligt art. 9 har du 14 dagar att frÃċntrÃĊda detta distansavtal utan att ange nÃċgot skÃĊl. FÃ¶r fysiska varor bÃ¶rjar 14-dagarsfristen lÃ¶pa den dag du (eller en tredje part som du har utsett) tar varorna i fysisk besittning. FÃ¶r tjÃĊnster och digitalt innehÃċll gÃĊller andra startdatum (art. 9(2)(a)/(c))."
"Exceptions: the right does not apply to certain goods and services listed in Art. 16 (e.g., custom-made goods, sealed hygiene items once unsealed, digital content whose performance has begun with your prior express consent and acknowledgement that you lose the withdrawal right).","Undantag: rÃĊtten gÃĊller inte fÃ¶r vissa varor och tjÃĊnster som anges i art. 16 (t.ex. specialtillverkade varor, fÃ¶rseglade hygienvaror nÃĊr fÃ¶rseglingen brutits, digitalt innehÃċll vars leverans har pÃċbÃ¶rjats efter ditt pÃċ fÃ¶rhand uttryckliga samtycke och din bekrÃĊftelse av att du fÃ¶rlorar ÃċngerrÃĊtten)."
"The legal guarantee of conformity for goods applies under Art. 5 of Directive 2019/771, in addition to the right of withdrawal.","Den lagstadgade garantin fÃ¶r avtalsenlighet fÃ¶r varor gÃĊller enligt art. 5 i direktiv 2019/771, utÃ¶ver ÃċngerrÃĊtten."
"Delivery: %1","Leverans: %1"
"Total paid","Totalt betalt"
"Pick an order to withdraw from","VÃĊlj en order att frÃċntrÃĊda"
"Select a recent order to start your withdrawal.","VÃĊlj en av dina senaste ordrar fÃ¶r att starta ditt ÃċngerÃĊrende."
"Select","VÃĊlj"
"Withdrawal progress","ÃngerrÃĊttens framsteg"
"title","rubrik"
"subtitle","underrubrik"
"Items to return","Artiklar att returnera"
"0 items","0 artiklar"
"Refund summary","ÃterbetalningsÃ¶versikt"
"No items in this order are currently eligible for withdrawal.","Inga artiklar i denna order ÃĊr fÃ¶r nÃĊrvarande berÃĊttigade till ÃċngerrÃĊtt."
"Each line is either already being processed, pending confirmation, or has been fully withdrawn. Check the existing requests section above for status or to cancel.","Varje rad ÃĊr antingen redan under behandling, vÃĊntar pÃċ bekrÃĊftelse eller har Ãċterkallats helt. Se avsnittet med befintliga begÃĊranden ovan fÃ¶r status eller fÃ¶r att avbryta."
"No items selected yet. Use the + button next to an item to add it to your return.","Inga artiklar valda ÃĊnnu. AnvÃĊnd + knappen bredvid en artikel fÃ¶r att lÃĊgga till den i din retur."
"Find your order","Hitta din order"
"Enter the details you used during checkout to start a return or withdrawal.","Ange uppgifterna du anvÃĊnde vid kassan fÃ¶r att starta en retur eller ÃċngerrÃĊtt."
"We could not find an order matching that email. Double-check your order number and email address.","Vi kunde inte hitta nÃċgon order som matchar den e-postadressen. Kontrollera ordernummer och e-postadress."
"e.g. 12345","t.ex. 12345"
"You can find this in your order confirmation email.","Du hittar detta i ditt orderbekrÃĊftelsemejl."
"Email address","E-postadress"
"you@example.com","you@example.com"
"Must match the email used for the order.","MÃċste matcha e-postadressen som anvÃĊndes fÃ¶r ordern."
"Find my order","Hitta min order"
"You have the right to withdraw from your purchase within 14 days of receiving your order, without giving any reason.","Du har rÃĊtt att Ãċngra ditt kÃ¶p inom 14 dagar frÃċn mottagandet av din order, utan att ange nÃċgra skÃĊl."
"Need help finding your order?","BehÃ¶ver du hjÃĊlp att hitta din order?"
"Select an order","VÃĊlj en order"
"Choose an order from your history to start a return or withdrawal.","VÃĊlj en order frÃċn din historik fÃ¶r att starta en retur eller ÃċngerrÃĊtt."
"You don't have any orders eligible for withdrawal. The 14-day withdrawal window runs from the day you received your order.","Du har inga ordrar som ÃĊr berÃĊttigade till ÃċngerrÃĊtt. 14-dagars Ãċngerfrist lÃ¶per frÃċn den dag du tog emot din order."
"View all my orders","Visa alla mina ordrar"
"items","artiklar"
"Select order","VÃĊlj order"
"No recent withdrawal","Inget aktuellt ÃċngerÃĊrende"
"We could not find a recent withdrawal in this session. If you have just submitted one, please check your inbox for the confirmation email.","Vi kunde inte hitta nÃċgot aktuellt ÃċngerÃĊrende i denna session. Om du nyss skickat in ett ÃĊrende, kontrollera din inkorg efter bekrÃĊftelsemejlet."
"Start a new withdrawal","Starta ett nytt ÃċngerÃĊrende"
"Withdrawal #%1 submitted","ÃngerÃĊrende #%1 inskickat"
"Related order:","Relaterad order:"
"Items","Artiklar"
"Items included in this withdrawal","Artiklar i detta ÃċngerÃĊrende"
"Line Total","Radsumma"
"What happens next","Vad hÃĊnder nu"
"You will receive a receipt email with the full withdrawal statement and integrity hash within a few minutes.","Du fÃċr ett kvittensmejl med fullstÃĊndig ÃċngerfÃ¶rklaring och integritetshash inom nÃċgra minuter."
"The 14-day window under Art. 9 CRD is locked to the moment you confirmed the withdrawal â nothing further is required from you to preserve the right.","14-dagarsfristen enligt art. 9 CRD lÃċses till den tidpunkt dÃċ du bekrÃĊftade ÃċngerÃĊrendet â du behÃ¶ver inte gÃ¶ra nÃċgot mer fÃ¶r att bevara rÃĊtten."
"The final refund is determined after we receive the returned items (Art. 14(2)) and is issued to the original payment method. Expect the funds within 14 days of receipt.","Den slutliga Ãċterbetalningen faststÃĊlls efter att vi mottagit de returnerade artiklarna (art. 14(2)) och betalas ut till den ursprungliga betalningsmetoden. RÃĊkna med pengarna inom 14 dagar efter mottagandet."
"Back to Withdrawals","Tillbaka till ÃċngerÃĊrenden"
"VerzichtsbestÃĊtigung digitaler Inhalte â Bestellung %increment_id","BekrÃĊftelse av avstÃċende fÃ¶r digitalt innehÃċll â BestÃĊllning %increment_id"
"Sehr geehrte/r %name,","Hej %name,"
"Dies ist die BestÃĊtigung auf einem dauerhaften DatentrÃĊger Ihrer ausdrÃỳcklichen Einwilligung zum Beginn der AusfÃỳhrung folgender digitaler Inhalte sowie Ihrer BestÃĊtigung, dass Sie dadurch Ihr Widerrufsrecht verlieren (Art. 16(m) VRL).","Detta ÃĊr bekrÃĊftelsen pÃċ ett varaktigt medium av ditt uttryckliga samtycke till att leveransen av fÃ¶ljande digitala innehÃċll pÃċbÃ¶rjas samt din bekrÃĊftelse av att du dÃĊrigenom fÃ¶rlorar din ÃċngerrÃĊtt (art. 16(m) konsumentrÃĊttighetsdirektivet)."
"Durch den Verzicht abgedeckte digitale Inhalte","Digitalt innehÃċll som omfattas av avstÃċendet"
"Ihre ausdrÃỳckliche Einwilligung","Ditt uttryckliga samtycke"
"Eingewilligt am:","Samtyckt den:"
"Ihre BestÃĊtigung zum Verlust des Widerrufsrechts","Din bekrÃĊftelse av fÃ¶rlorad ÃċngerrÃĊtt"
"BestÃĊtigt am:","BekrÃĊftat den:"
"Verzichtsreferenz:","Referens fÃ¶r avstÃċende:"
"Rechtsgrundlage: Art. 16(m) Verbraucherrechterichtlinie 2011/83/EU.","RÃĊttslig grund: art. 16(m) konsumentrÃĊttighetsdirektivet 2011/83/EU."
"Digital content waiver confirmation â Order %1","BekrÃĊftelse av avstÃċende fÃ¶r digitalt innehÃċll â Order %1"
"Dear %name,","Hej %name,"
"This is the durable-medium confirmation of your express consent to begin performance of the following digital items, and your acknowledgment that by doing so you lose your right of withdrawal (Art. 16(m) CRD).","Detta ÃĊr bekrÃĊftelsen i varaktig form av ditt uttryckliga samtycke till att leveransen av fÃ¶ljande digitala artiklar pÃċbÃ¶rjas samt din bekrÃĊftelse av att du dÃĊrigenom fÃ¶rlorar din ÃċngerrÃĊtt (art. 16(m) CRD)."
"Digital items covered by this waiver","Digitala artiklar som omfattas av avstÃċendet"
"Your express consent","Ditt uttryckliga samtycke"
"Consented at:","Samtyckt den:"
"Your acknowledgment of loss of withdrawal right","Din bekrÃĊftelse av fÃ¶rlorad ÃċngerrÃĊtt"
"Acknowledged at:","BekrÃĊftat den:"
"Waiver reference:","Referens fÃ¶r avstÃċende:"
"Legal basis: Art. 16(m) Consumer Rights Directive 2011/83/EU.","RÃĊttslig grund: Art. 16(m) konsumentrÃĊttighetsdirektivet 2011/83/EU."
"Digitaalisen sisÃĊllÃ¶n luopumisvahvistus â Tilaus %increment_id","BekrÃĊftelse av avstÃċende fÃ¶r digitalt innehÃċll â BestÃĊllning %increment_id"
"HyvÃĊ %name,","Hej %name,"
"TÃĊmÃĊ on pysyvÃĊllÃĊ tietovÃĊlineellÃĊ annettu vahvistus nimenomaisesta suostumuksestasi aloittaa seuraavien digitaalisten sisÃĊltÃ¶jen toimitus sekÃĊ vahvistuksestasi, ettÃĊ menetÃĊt peruuttamisoikeutesi (KSL 6:16).","Detta ÃĊr en bekrÃĊftelse pÃċ ett varaktigt medium av ditt uttryckliga samtycke till att leveransen av fÃ¶ljande digitala innehÃċll pÃċbÃ¶rjas samt din bekrÃĊftelse av att du fÃ¶rlorar din ÃċngerrÃĊtt (KSL 6:16)."
"Luopumisen kattamat digitaaliset sisÃĊllÃ¶t","Digitalt innehÃċll som omfattas av avstÃċendet"
"Nimenomainen suostumuksesi","Ditt uttryckliga samtycke"
"Suostuttu:","Samtyckt:"
"Vahvistuksesi peruuttamisoikeuden menettÃĊmisestÃĊ","Din bekrÃĊftelse av fÃ¶rlorad ÃċngerrÃĊtt"
"Vahvistettu:","BekrÃĊftat:"
"Luopumisen viite:","Referens fÃ¶r avstÃċende:"
"Oikeusperusta: KSL 6:16 / Art. 16(m) kuluttajanoikeusdirektiivi 2011/83/EU.","RÃĊttslig grund: KSL 6:16 / art. 16(m) konsumentrÃĊttighetsdirektivet 2011/83/EU."
"Confirmation de renonciation au contenu numÃ©rique â Commande %increment_id","BekrÃĊftelse av avstÃċende fÃ¶r digitalt innehÃċll â BestÃĊllning %increment_id"
"Cher/ChÃẀre %name,","Hej %name,"
"Ceci est la confirmation sur un support durable de votre consentement exprÃẀs Ã  commencer l'exÃ©cution des contenus numÃ©riques suivants, et de votre reconnaissance que vous perdez ainsi votre droit de rÃ©tractation (Art. L. 221-28 Code consommation).","Detta ÃĊr bekrÃĊftelsen pÃċ ett varaktigt medium av ditt uttryckliga samtycke till att leveransen av fÃ¶ljande digitala innehÃċll pÃċbÃ¶rjas samt din bekrÃĊftelse av att du dÃĊrigenom fÃ¶rlorar din ÃċngerrÃĊtt (art. L. 221-28 i den franska konsumentlagen)."
"Contenus numÃ©riques couverts par la prÃ©sente renonciation","Digitalt innehÃċll som omfattas av detta avstÃċende"
"Votre consentement exprÃẀs","Ditt uttryckliga samtycke"
"Consenti le :","Samtyckt den:"
"Votre reconnaissance de la perte du droit de rÃ©tractation","Din bekrÃĊftelse av fÃ¶rlorad ÃċngerrÃĊtt"
"Reconnu le :","BekrÃĊftat den:"
"RÃ©fÃ©rence de renonciation :","Referens fÃ¶r avstÃċende:"
"Base lÃ©gale : Art. L. 221-28 Code consommation / Art. 16(m) Directive 2011/83/UE.","RÃĊttslig grund: art. L. 221-28 i den franska konsumentlagen / art. 16(m) direktiv 2011/83/EU."
"Bevestiging afstand digitale inhoud â Bestelling %increment_id","BekrÃĊftelse av avstÃċende fÃ¶r digitalt innehÃċll â BestÃĊllning %increment_id"
"Beste %name,","Hej %name,"
"Dit is de bevestiging op een duurzame gegevensdrager van uw uitdrukkelijke toestemming om te beginnen met de levering van de volgende digitale inhoud, en uw erkenning dat u daardoor uw herroepingsrecht verliest (Art. 6:230s BW).","Detta ÃĊr bekrÃĊftelsen pÃċ ett varaktigt medium av ditt uttryckliga samtycke till att leveransen av fÃ¶ljande digitala innehÃċll pÃċbÃ¶rjas samt din bekrÃĊftelse av att du dÃĊrigenom fÃ¶rlorar din ÃċngerrÃĊtt (art. 6:230s i den nederlÃĊndska civillagen)."
"Onder deze afstand vallende digitale items","Digitala artiklar som omfattas av detta avstÃċende"
"Uw uitdrukkelijke toestemming","Ditt uttryckliga samtycke"
"Toestemming verleend op:","Samtycke lÃĊmnat den:"
"Uw erkenning van verlies van herroepingsrecht","Din bekrÃĊftelse av fÃ¶rlorad ÃċngerrÃĊtt"
"Erkend op:","BekrÃĊftat den:"
"Afstandreferentie:","Referens fÃ¶r avstÃċende:"
"Rechtsgrondslag: Art. 6:230s BW / Art. 16(m) Richtlijn 2011/83/EU.","RÃĊttslig grund: art. 6:230s i den nederlÃĊndska civillagen / art. 16(m) direktiv 2011/83/EU."
"[EU Withdrawal] Receipt send failed â request #%request_id","[EU Withdrawal] SÃĊndning av kvitto misslyckades â begÃĊran #%request_id"
"The receipt email for withdrawal request #%request_id has failed to send permanently.","Kvittensmejlet fÃ¶r ÃċngerbegÃĊran #%request_id har misslyckats att skickas permanent."
"Inspect the <code>mm_eu_withdrawal_request.receipt_last_error</code> column for the last error message, and the <code>mm_eu_withdrawal_request.receipt_send_attempts</code> column for the retry count.","Granska kolumnen <code>mm_eu_withdrawal_request.receipt_last_error</code> fÃ¶r senaste felmeddelande och kolumnen <code>mm_eu_withdrawal_request.receipt_send_attempts</code> fÃ¶r antal fÃ¶rsÃ¶k."
"You can requeue the send from the admin grid after resolving the underlying issue.","Du kan kÃ¶a om sÃĊndningen frÃċn adminlistan nÃĊr du har ÃċtgÃĊrdat det underliggande problemet."
"Your refund is on its way â Withdrawal #%1","Din Ãċterbetalning ÃĊr pÃċ vÃĊg â ÃngerÃĊrende #%1"
"Your refund is on its way","Din Ãċterbetalning ÃĊr pÃċ vÃĊg"
"Hi %name, we've approved your withdrawal request and started the refund process.","Hej %name, vi har godkÃĊnt ditt ÃċngerÃĊrende och pÃċbÃ¶rjat Ãċterbetalningen."
"View refund details","Visa Ãċterbetalningsdetaljer"
"Withdrawal number","Ãngernummer"
"Approved on","GodkÃĊnd den"
"Estimated arrival","BerÃĊknad ankomst"
"Status","Status"
"Your refund will be issued to your original payment method within 5â7 business days. You'll see it on your card or bank statement once it lands.","Din Ãċterbetalning gÃ¶rs till din ursprungliga betalningsmetod inom 5â7 bankdagar. Du ser den pÃċ ditt kort- eller kontoutdrag sÃċ snart den kommit fram."
"Need help?","BehÃ¶ver du hjÃĊlp?"
"Reply to this email or contact us at","Svara pÃċ detta mejl eller kontakta oss pÃċ"
"Your withdrawal was cancelled â Withdrawal #%1","Ditt ÃċngerÃĊrende avbrÃ¶ts â ÃngerÃĊrende #%1"
"Your withdrawal was cancelled","Ditt ÃċngerÃĊrende avbrÃ¶ts"
"Hi %name, we've cancelled your withdrawal request.","Hej %name, vi har avbrutit ditt ÃċngerÃĊrende."
"Submit a new request","Skicka in en ny begÃĊran"
"Cancelled request","Avbruten begÃĊran"
"Cancelled on","Avbruten den"
"Refund requested","Ãterbetalning begÃĊrd"
"If this was unexpected, you can submit a new withdrawal request as long as your 14-day window is still open. Reach out if you need help â we're happy to clarify.","Om det hÃĊr var ovÃĊntat kan du skicka in ett nytt ÃċngerÃĊrende sÃċ lÃĊnge din 14-dagarsfrist fortfarande gÃĊller. HÃ¶r av dig om du behÃ¶ver hjÃĊlp â vi fÃ¶rklarar gÃĊrna."
"Cancellation confirmed â Withdrawal #%1","Avbokning bekrÃĊftad â ÃngerÃĊrende #%1"
"Cancellation confirmed","Avbrytande bekrÃĊftat"
"Hi %name, your withdrawal request has been cancelled as you asked.","Hej %name, ditt ÃċngerÃĊrende har avbrutits som du Ã¶nskade."
"Back to my orders","Tillbaka till mina ordrar"
"Cancelled by","Avbruten av"
"You","Du"
"Your order remains active and there's no further action needed. If you change your mind, you can start a new withdrawal request any time within your 14-day window.","Din order ÃĊr fortfarande aktiv och du behÃ¶ver inte gÃ¶ra nÃċgot mer. Om du ÃĊndrar dig kan du nÃĊr som helst skicka in ett nytt ÃċngerÃĊrende inom din 14-dagarsfrist."
"Update on your withdrawal request â Withdrawal #%1","Uppdatering av ditt ÃċngerÃĊrende â ÃngerÃĊrende #%1"
"We can't process this withdrawal","Vi kan inte godkÃĊnna ÃċngerÃĊrendet"
"Hi %name, after reviewing your withdrawal request we're unable to approve it.","Hej %name, efter att ha granskat ditt ÃċngerÃĊrende kan vi tyvÃĊrr inte godkÃĊnna det."
"Request details","Detaljer fÃ¶r begÃĊran"
"Reviewed on","Granskad den"
"Decision","Beslut"
"Reason from our team","SkÃĊl frÃċn vÃċrt team"
"If you'd like to discuss this decision, our team is here to help. Reply to this email or use the button above.","Vill du diskutera beslutet finns vÃċrt team hÃĊr fÃ¶r dig. Svara pÃċ det hÃĊr mejlet eller anvÃĊnd knappen ovan."
"Your withdrawal request has been submitted â Order #%1","Ditt ÃċngerÃĊrende har skickats in â Order #%1"
"Your return request has been submitted","Din returbegÃĊran har skickats in"
"Hi %name, we've received your return request and are currently reviewing it. You'll hear back when we've inspected your return and processed your refund.","Hej %name, vi har tagit emot din returbegÃĊran och granskar den just nu. Du hÃ¶r frÃċn oss nÃĊr vi har inspekterat returen och behandlat Ãċterbetalningen."
"Return number","Returnummer"
"Requested on","BegÃĊrd den"
"We'll inspect your return and notify you once approved. Refunds are issued to your original payment method within 5â7 business days after approval.","Vi inspekterar din retur och meddelar dig nÃĊr den ÃĊr godkÃĊnd. Ãterbetalningar gÃ¶rs till din ursprungliga betalningsmetod inom 5â7 bankdagar efter godkÃĊnnande."
"If you have any questions, our customer service team is here to help.","Om du har nÃċgra frÃċgor finns vÃċr kundtjÃĊnst hÃĊr fÃ¶r dig."
"Visit our help center","BesÃ¶k vÃċrt hjÃĊlpcenter"
"If you did not initiate this request, contact us immediately at","Om det inte var du som skickade in begÃĊran, kontakta oss omedelbart pÃċ"
"Withdrawal receipt â Order #%1","Ãngerintyg â Order #%1"
"Withdrawal receipt","Ãngerkvitto"
"Hi %name, this email is your durable-medium proof of withdrawal under Art. 11a Directive 2011/83/EU. Keep it for your records.","Hej %name, det hÃĊr mejlet ÃĊr ditt Ãċngerbevis i varaktig form enligt Art. 11a direktiv 2011/83/EU. Spara det fÃ¶r din dokumentation."
"Submitted on","Inskickat den"
"Your %store_name order confirmation","Din orderbekrÃĊftelse frÃċn %store_name"
"%customer_name,","%customer_name,"
"Thank you for your order from %store_name.","Tack fÃ¶r din bestÃĊllning frÃċn %store_name."
"Once your package ships we will send you a tracking number.","NÃĊr ditt paket skickas mejlar vi dig ett spÃċrningsnummer."
"You can check the status of your order by <a href=""%account_url"">logging into your account</a>.","Du kan kontrollera status fÃ¶r din order genom att <a href=""%account_url"">logga in pÃċ ditt konto</a>."
"If you have questions about your order, you can email us at <a href=""mailto:%store_email"">%store_email</a>","Om du har frÃċgor om din order kan du mejla oss pÃċ <a href=""mailto:%store_email"">%store_email</a>"
"or call us at <a href=""tel:%store_phone"">%store_phone</a>","eller ringa oss pÃċ <a href=""tel:%store_phone"">%store_phone</a>"
"Our hours are <span class=""no-link"">%store_hours</span>.","VÃċra Ã¶ppettider ÃĊr <span class=""no-link"">%store_hours</span>."
"Your Order <span class=""no-link"">#%increment_id</span>","Din order <span class=""no-link"">#%increment_id</span>"
"Placed on <span class=""no-link"">%created_at</span>","Lagd den <span class=""no-link"">%created_at</span>"
"Billing Info","Faktureringsuppgifter"
"Shipping Info","Leveransuppgifter"
"Payment Method","Betalningsmetod"
"Shipping Method","Leveransmetod"
"%name,","%name,"
"Once your package ships we will send an email with a link to track your order.","NÃĊr ditt paket skickas mejlar vi dig en lÃĊnk fÃ¶r att spÃċra din order."
"Your %store_name order has shipped","Din order frÃċn %store_name har skickats"
"Your shipping confirmation is below. Thank you again for your business.","Din leveransbekrÃĊftelse finns nedan. Tack ÃĊn en gÃċng fÃ¶r din bestÃĊllning."
"Your Shipment #%shipment_id for Order #%order_id","Din leverans #%shipment_id fÃ¶r order #%order_id"
"Your digital content waiver is on file","Ditt avstÃċende fÃ¶r digitalt innehÃċll ÃĊr registrerat"
"Hi %name, you've consented to immediate digital delivery of the items below â this is your durable-medium copy of that consent (Art. 11a(4) CRD).","Hej %name, du har samtyckt till omedelbar digital leverans av artiklarna nedan â det hÃĊr ÃĊr din kopia av samtycket i varaktig form (Art. 11a(4) CRD)."
"View order","Visa order"
"Consented at","Samtyckt den"
"Acknowledged at","BekrÃĊftad den"
"Keep this email as your durable-medium record. The merchant has stored the SHA-256 hash of the legal text you accepted:","Spara det hÃĊr mejlet som din dokumentation i varaktig form. SÃĊljaren har sparat SHA-256-hashen av den juridiska texten som du godkÃĊnde:"
"Digital content waiver","AvstÃċende fÃ¶r digitalt innehÃċll"
"We need your explicit consent before you can buy this digital item â please read both points carefully.","Vi behÃ¶ver ditt uttryckliga samtycke innan du kan kÃ¶pa denna digitala vara â lÃĊs bÃċda punkterna noggrant."
"We log this consent with your IP and timestamp for our audit record.","Vi loggar detta samtycke med din IP-adress och tidsstÃĊmpel fÃ¶r vÃċr granskningslogg."
"Continue","FortsÃĊtt"
"Waiver could not be saved. Please retry.","Samtycket kunde inte sparas. FÃ¶rsÃ¶k igen."
"Enable for EU Withdrawal Lookup Form","Aktivera fÃ¶r sÃ¶kformulÃĊret EU-ÃċngerrÃĊtt"
"MageMe Extensions","MageMe-tillÃĊgg"
"EU Withdrawal","EU-ÃċngerrÃĊtt"
"General","AllmÃĊnt"
"Enable Module","Aktivera modul"
"Activates frontend and cron jobs. Default: disabled. Complete the manual setup checklist before enabling.","Aktiverar butikssidan och cron-jobb. Standard: inaktiverad. SlutfÃ¶r den manuella konfigurationschecklistan innan du aktiverar."
"Request Number Prefix","Prefix fÃ¶r begÃĊrannummer"
"Optional prefix prepended to the withdrawal request increment ID in customer-facing UI (e.g. ""RR-"" renders as ""RR-000000022""). Leave blank to show the plain padded number.","Frivilligt prefix som lÃĊggs framfÃ¶r ÃċngerbegÃĊrans lÃ¶pnummer i kundgrÃĊnssnittet (t.ex. ""RR-"" renderas som ""RR-000000022""). LÃĊmna tomt fÃ¶r att visa enbart det utfyllda numret."
"Default Contract Type","Standardavtalstyp"
"Frontend Route","Butikssidans rutt"
"URL prefix used by the customer-facing withdrawal flow (e.g. <code>withdraw-contract</code> renders as <code>/withdraw-contract/...</code>). Lowercase letters, digits, dashes and underscores only.","URL-prefix som anvÃĊnds av det kundvÃĊnda ÃċngerflÃ¶det (t.ex. <code>withdraw-contract</code> renderas som <code>/withdraw-contract/...</code>)."
"Withdrawal Period","Ãngerfrist"
"Delivery Confirmation Statuses","Statusar fÃ¶r leveransbekrÃĊftelse"
"Pick one or more order statuses whose <em>transition</em> means the customer received the goods in your fulfillment workflow. The 14-day withdrawal window starts on the timestamp of the order's <em>earliest</em> transition into <em>any</em> of the selected statuses (Art. 9(2)(b) Directive 2011/83/EU). Multi-select supports merchants who use several ""delivered""-type statuses (e.g. <code>delivered</code> + <code>complete</code> + <code>delivered_partial</code>). Until the order reaches any of them, the right of withdrawal is open with no fixed deadline.","VÃĊlj en eller flera orderstatusar vars <em>Ã¶vergÃċng</em> innebÃĊr att kunden tagit emot varorna i ditt orderflÃ¶de. 14-dagars Ãċngerfrist bÃ¶rjar lÃ¶pa frÃċn tidsstÃĊmpeln fÃ¶r orderns <em>fÃ¶rsta</em> Ã¶vergÃċng till <em>nÃċgon</em> av de valda statusarna (art. 9(2)(b) direktiv 2011/83/EU). Flerval stÃ¶der handlare som anvÃĊnder flera ""levererad""-statusar (t.ex. <code>delivered</code> + <code>complete</code> + <code>delivered_partial</code>). Tills ordern nÃċr nÃċgon av dem ÃĊr ÃċngerrÃĊtten Ã¶ppen utan fast frist."
"Eligibility Rules (Art. 16 CRD Presets)","BehÃ¶righetsregler (fÃ¶rinstÃĊllningar enligt art. 16 CRD)"
"Art. 16(c) Custom-Made Goods","Art. 16(c) Specialtillverkade varor"
"Excludes products made to customer specifications or clearly personalised (e.g. engraved jewellery, made-to-measure clothing). <strong>Requires</strong> product attribute <code>is_custom_made = true</code>. If enabled, orders containing such items cannot be withdrawn â customers will see this when attempting to start withdrawal.","Utesluter produkter som tillverkats efter kundens specifikationer eller ÃĊr klart personliga (t.ex. graverade smycken, mÃċttsydda klÃĊder). <strong>KrÃĊver</strong> produktattributet <code>is_custom_made = true</code>. NÃĊr aktiverat kan ordrar med sÃċdana artiklar inte Ãċterkallas â kunder ser detta nÃĊr de fÃ¶rsÃ¶ker starta ett ÃċngerÃĊrende."
"Art. 16(d) Perishable Goods","Art. 16(d) LÃĊttfÃ¶rdÃĊrvliga varor"
"Excludes goods that can deteriorate or expire rapidly (fresh food, cut flowers, short-shelf-life pharmaceuticals). <strong>Requires</strong> product attribute <code>is_perishable = true</code>. Do not enable for all categories â apply it only to truly perishable SKUs, otherwise you will unlawfully deny valid withdrawals.","Utesluter varor som snabbt kan fÃ¶rsÃĊmras eller bli fÃ¶rbrukade (fÃĊrska livsmedel, snittblommor, lÃĊkemedel med kort hÃċllbarhet). <strong>KrÃĊver</strong> produktattributet <code>is_perishable = true</code>. Aktivera inte fÃ¶r alla kategorier â anvÃĊnd endast fÃ¶r verkligt lÃĊttfÃ¶rdÃĊrvliga SKU:er, annars avslÃċr du olagligt giltiga ÃċngerÃĊrenden."
"Art. 16(e) Sealed Hygiene / Health","Art. 16(e) FÃ¶rseglade hygien-/hÃĊlsovaror"
"Excludes sealed hygiene or health items <strong>only if the seal has been broken after delivery</strong> (cosmetics, intimate apparel, sealed medical supplies). <strong>Requires</strong> product attribute <code>is_sealed_hygiene = true</code>. The exclusion depends on a seal-check at the time of withdrawal (workflow in phase-04) â a sealed, unopened return remains eligible.","Utesluter fÃ¶rseglade hygien- eller hÃĊlsoartiklar <strong>endast om fÃ¶rseglingen har brutits efter leverans</strong> (kosmetika, intimklÃĊder, fÃ¶rseglade medicinska tillbehÃ¶r). <strong>KrÃĊver</strong> produktattributet <code>is_sealed_hygiene = true</code>. Uteslutningen baseras pÃċ en fÃ¶rseglingskontroll vid ÃċngerÃĊrendet (flÃ¶de i fas 04) â en fÃ¶rseglad, oÃ¶ppnad retur ÃĊr fortsatt berÃĊttigad."
"Art. 16(i) Sealed Audio / Video / Software","Art. 16(i) FÃ¶rseglat ljud/video/programvara"
"Excludes sealed audio recordings, video recordings, or sealed computer software <strong>only if the seal has been broken after delivery</strong>. <strong>Requires</strong> product attribute <code>is_sealed_av = true</code>. Same seal-check logic as Art. 16(e). Does not apply to streaming / digital-download content â use Art. 16(m) for those.","Utesluter fÃ¶rseglade ljudinspelningar, videoinspelningar eller fÃ¶rseglad datorprogramvara <strong>endast om fÃ¶rseglingen har brutits efter leverans</strong>. <strong>KrÃĊver</strong> produktattributet <code>is_sealed_av = true</code>. Samma fÃ¶rseglingslogik som art. 16(e). GÃĊller inte strÃ¶mmande innehÃċll eller digitala nedladdningar â anvÃĊnd art. 16(m) fÃ¶r dem."
"Digital Content (Art. 16(m))","Digitalt innehÃċll (art. 16(m))"
"Detection","Identifiering"
"Enable Digital Content Detection","Aktivera identifiering av digitalt innehÃċll"
"Master switch for Art. 16(m) digital-content detection. When off, no product is recognised as digital, the checkout waiver step is not required, and the preset always allows withdrawal.","Huvudbrytare fÃ¶r identifiering av digitalt innehÃċll enligt art. 16(m). NÃĊr den ÃĊr av identifieras ingen produkt som digital, avstÃċendesteget i kassan krÃĊvs inte och fÃ¶rinstÃĊllningen tillÃċter alltid ÃċngerrÃĊtt."
"Detection Strategies","Identifieringsstrategier"
"Which product-type heuristics trigger the digital-content waiver gate. Downloadable + virtual are safe defaults; bundle_contains_digital inspects bundle children; custom_attribute reads the EAV flag configured below.","Vilka produkttypsheuristiker som utlÃ¶ser avstÃċendegrinden fÃ¶r digitalt innehÃċll. Nedladdningsbar + virtuell ÃĊr sÃĊkra standardval; bundle_contains_digital inspekterar paketets underartiklar; custom_attribute lÃĊser EAV-flaggan som konfigureras nedan."
"Custom Attribute Code","Kod fÃ¶r anpassat attribut"
"EAV attribute code used <strong>only</strong> when <em>Custom attribute flag</em> is picked in <em>Detection strategies</em> above. Default: <code>is_digital_content</code> (boolean attribute, 1 = digital). Ignored otherwise.","EAV-attributkod som anvÃĊnds <strong>endast</strong> nÃĊr <em>Flagga fÃ¶r anpassat attribut</em> ÃĊr vald i <em>Identifieringsstrategier</em> ovan. Standard: <code>is_digital_content</code> (booleskt attribut, 1 = digital). Ignoreras annars."
"Checkout Step + Email","Kassasteg + mejl"
"Enable Checkout Waiver Step","Aktivera avstÃċendesteg i kassan"
"When on, carts that contain a detected digital item render the 2-checkbox waiver step at checkout. Has no effect unless <em>Detection â Enable digital content detection</em> is also on.","NÃĊr aktiverat renderas avstÃċendesteget med tvÃċ kryssrutor i kassan fÃ¶r varukorgar som innehÃċller en identifierad digital artikel. Har ingen effekt om inte <em>Identifiering â Aktivera identifiering av digitalt innehÃċll</em> ocksÃċ ÃĊr pÃċ."
"Merchant BCC Address for Confirmation Emails","Handlarens hemliga kopia-adress fÃ¶r bekrÃĊftelsemejl"
"Optional. Blind-copies the waiver-confirmation email to a merchant audit address. Leave blank to skip.","Frivilligt. Skickar en hemlig kopia av bekrÃĊftelsemejlet fÃ¶r avstÃċendet till en gransknings-e-postadress hos handlaren. LÃĊmna tomt fÃ¶r att hoppa Ã¶ver."
"Mark Virtual-Only Items as Performance-Started on Confirmation","Markera enbart virtuella artiklar som prestationsstartade vid bekrÃĊftelse"
"Virtual products have no download trigger. When on, the waiver confirmation email's dispatch counts as performance-start for virtual-only items.","Virtuella produkter har ingen nedladdningstrigger. NÃĊr aktiverat rÃĊknas utskicket av bekrÃĊftelsemejlet fÃ¶r avstÃċendet som prestationsstart fÃ¶r enbart virtuella artiklar (I-6-grÃĊnsen)."
"Confirmation Email Identity","AvsÃĊndaridentitet fÃ¶r bekrÃĊftelsemejl"
"Per-Locale Waiver Text Overrides","ÃsidosÃĊttningar av avstÃċendetext per sprÃċk"
"English (en_US)","Engelska (en_US)"
"Consent Text","Samtyckestext"
"Right-Loss Acknowledgment Text","BekrÃĊftelsetext fÃ¶r fÃ¶rlorad rÃĊtt"
"German (de_DE)","Tyska (de_DE)"
"Finnish (fi_FI)","Finska (fi_FI)"
"Dutch (nl_NL)","NederlÃĊndska (nl_NL)"
"French (fr_FR)","Franska (fr_FR)"
"Italian (it_IT)","Italienska (it_IT)"
"Spanish (es_ES)","Spanska (es_ES)"
"Polish (pl_PL)","Polska (pl_PL)"
"Portuguese (pt_PT)","Portugisiska (pt_PT)"
"Danish (da_DK)","Danska (da_DK)"
"Swedish (sv_SE)","Svenska (sv_SE)"
"German â Austria (de_AT)","Tyska â Ãsterrike (de_AT)"
"Swedish â Finland (sv_FI)","Svenska â Finland (sv_FI)"
"Dutch â Belgium (nl_BE)","NederlÃĊndska â Belgien (nl_BE)"
"French â Belgium (fr_BE)","Franska â Belgien (fr_BE)"
"German â Belgium (de_BE)","Tyska â Belgien (de_BE)"
"French â Luxembourg (fr_LU)","Franska â Luxemburg (fr_LU)"
"Pre-Contract Information (Art. 6(1)(h))","Information fÃ¶re avtalsslut (art. 6(1)(h))"
"Enable Pre-Contract Disclosure","Aktivera information fÃ¶re avtalsslut"
"Master kill-switch. Disabled = block does not render and no display events are recorded. Disabling exposes the merchant to Art. 10 (12 month + 14 day extended withdrawal period). Default: enabled.","Huvudbrytare. Inaktiverad = blocket renderas inte och inga visningshÃĊndelser registreras. Att inaktivera utsÃĊtter handlaren fÃ¶r art. 10 (fÃ¶rlÃĊngd Ãċngerfrist pÃċ 12 mÃċnader + 14 dagar). Standard: aktiverad."
"Withdrawal Period (Days)","Ãngerfrist (dagar)"
"Default 14 days per Art. 9(2). Extension allowed (e.g. 30, 100). Reduction below 14 is illegal â the field validates >=14 only when the module is enabled.","Standard 14 dagar enligt art. 9(2). FÃ¶rlÃĊngning ÃĊr tillÃċten (t.ex. 30, 100). FÃ¶rkortning under 14 ÃĊr olaglig â fÃĊltet validerar >=14 endast nÃĊr modulen ÃĊr aktiverad."
"Return Address","Returadress"
"Where consumers send goods back. Leave empty to fall back to the store address from Stores â Configuration â General â General â Store Information.","Dit konsumenter skickar tillbaka varor. LÃĊmna tomt fÃ¶r att ÃċtergÃċ till adressen i Butiker â Konfiguration â AllmÃĊnt â AllmÃĊnt â Butiksinformation."
"Display In Checkout","Visa i kassan"
"Annex I Overrides Per Locale","ÃsidosÃĊttningar av bilaga I per sprÃċk"
"Bulgarian (bg_BG)","Bulgariska (bg_BG)"
"Czech (cs_CZ)","Tjeckiska (cs_CZ)"
"Greek (el_GR)","Grekiska (el_GR)"
"Estonian (et_EE)","Estniska (et_EE)"
"Croatian (hr_HR)","Kroatiska (hr_HR)"
"Hungarian (hu_HU)","Ungerska (hu_HU)"
"Lithuanian (lt_LT)","Litauiska (lt_LT)"
"Latvian (lv_LV)","Lettiska (lv_LV)"
"Romanian (ro_RO)","RumÃĊnska (ro_RO)"
"Slovak (sk_SK)","Slovakiska (sk_SK)"
"Slovenian (sl_SI)","Slovenska (sl_SI)"
"Frontend","Butikssida"
"Buttons","Knappar"
"Step 1 Button Label","Knappetikett fÃ¶r steg 1"
"Step 2 Button Label (Confirmation)","Knappetikett fÃ¶r steg 2 (bekrÃĊftelse)"
"<strong>â  Legal warning.</strong> This is the label on the final confirmation button. Default (""Confirm withdrawal"") is counsel-signed. Per-locale translations are counsel-signed. Override only with written legal advice; overrides are audit-logged.","<strong>â  Juridisk varning.</strong> Detta ÃĊr etiketten pÃċ den slutliga bekrÃĊftelseknappen. Standard (""Confirm withdrawal"") ÃĊr juristgodkÃĊnd. Per-locale translations are counsel-signed. ÃsidosÃĊtt endast med skriftlig juridisk rÃċdgivning; ÃċsidosÃĊttanden granskningsloggas."
"Placements","Placeringar"
"Show Footer Link","Visa lÃĊnk i sidfoten"
"Show in My Account","Visa i Mitt konto"
"Return Reasons","Returorsaker"
"Reasons","SkÃĊl"
"List of reasons offered to the customer in the per-item dropdown. <strong>Code</strong> is the machine value (lowercase, snake_case, max 32 chars); <strong>Label</strong> is the visible text. Empty grid hides the dropdown entirely.","Lista Ã¶ver skÃĊl som erbjuds kunden i rullgardinsmenyn per artikel. <strong>Kod</strong> ÃĊr maskinvÃĊrdet som sparas i databasen (gemener, snake_case, max 32 tecken); <strong>Etikett</strong> ÃĊr den synliga texten. Tom lista dÃ¶ljer rullgardinen helt."
"Enable ""Other"" with Free Text","Aktivera ""Annat"" med fritextfÃĊlt"
"When enabled, an ""Other"" option appears in the dropdown that reveals a free-text field (max 500 chars).","NÃĊr aktiverat visas alternativet ""Annat"" i rullgardinen som Ã¶ppnar ett fritextfÃĊlt (max 500 tecken)."
"Review Step","Granskningssteg"
"Return Shipping Notice","Information om returfrakt"
"Text shown on the Review & Confirm step (step 3). Example: ""You'll receive a prepaid shipping label in the confirmation email."" or ""Return shipping costs are paid by the customer."" Leave blank to hide the row.","Text som visas pÃċ Granska & bekrÃĊfta-steget (steg 3). Exempel: ""Du fÃċr en fÃ¶rbetald fraktetikett i bekrÃĊftelsemejlet."" eller ""Returfraktkostnader betalas av kunden."" LÃĊmna tomt fÃ¶r att dÃ¶lja raden."
"Return Policy URL","URL fÃ¶r returvillkor"
"Optional link rendered next to the shipping notice (""View return policy""). Accepts absolute URLs or relative paths like ""return-policy"".","Frivillig lÃĊnk som visas bredvid fraktinformationen (""Se returvillkor""). Godtar absoluta URL:er eller relativa sÃ¶kvÃĊgar som ""return-policy""."
"Customer Notifications","Kundmeddelanden"
"All customer-facing emails sent by the module. Each email can be enabled/disabled, assigned a custom template (Marketing â Email Templates), and BCC'd to a merchant address. The shared <em>Branding</em> subgroup at the bottom controls the layout (USP strip, social links) used by every email below.","Alla kundmejl som skickas av modulen. Varje mejl kan aktiveras/inaktiveras, tilldelas en anpassad mall (MarknadsfÃ¶ring â E-postmallar) och fÃċ en hemlig kopia till en handlaradress. Den delade undergruppen <em>VarumÃĊrkesprofil</em> lÃĊngst ned styr layouten (USP-list, sociala lÃĊnkar) som anvÃĊnds av varje mejl nedan."
"1. Submission Confirmation Email","1. BekrÃĊftelsemejl vid inskickad begÃĊran"
"Enabled","Aktiverad"
"Email Template","Mejlmall"
"BCC Merchant","Hemlig kopia till handlaren"
"Comma-separated. Leave blank to disable.","Kommaseparerad. LÃĊmna tomt fÃ¶r att inaktivera."
"2. Approval Email","2. GodkÃĊnnandemejl"
"3. Denial Email","3. Avslagsmejl"
"4. Cancellation Email (Admin-Initiated)","4. Annulleringsmejl (initierat av administratÃ¶r)"
"5. Cancellation Email (Customer Self-Cancel)","5. Annulleringsmejl (kundens egen annullering)"
"6. Receipt Email (Durable Medium â Art. 11a(4))","6. Kvittensmejl (varaktigt medium â art. 11a(4))"
"Legally required durable-medium confirmation. Cannot be fully disabled (Art. 11a(4) Directive 2011/83/EU). Disabling here only stops the sender â the receipt is still generated and stored.","Lagstadgat krav pÃċ bekrÃĊftelse i varaktig form. Kan inte inaktiveras helt (art. 11a(4) direktiv 2011/83/EU). Att inaktivera hÃĊr stoppar endast utskicket â kvittot genereras och lagras ÃĊndÃċ."
"Send Email","Skicka mejl"
"Comma-separated.","Kommaseparerad."
"Delivery Retry Attempts","Antal ÃċterfÃ¶rsÃ¶k fÃ¶r leverans"
"Number of delivery attempts before a receipt is flagged as undelivered.","Number of delivery attempts before a receipt is flagged as undelivered."
"DLQ Alert Recipient","Mottagare av DLQ-larm"
"Notified when a receipt fails permanently. Falls back to Store Email Addresses â General Contact.","Aviseras nÃĊr ett kvitto misslyckas permanent. Faller tillbaka till Butikens e-postadresser â AllmÃĊn kontakt."
"7. Digital Waiver Confirmation Email (Art. 11a(4))","7. BekrÃĊftelsemejl fÃ¶r digitalt avstÃċende (art. 11a(4))"
"Durable-medium copy of the customer's Art. 16(m) waiver, sent immediately after checkout when a digital item is in cart. Required by Art. 11a(4) Directive 2011/83/EU â keeps a tamper-evident record of the legal text the customer accepted.","Kopia i varaktig form av kundens avstÃċende enligt art. 16(m), skickas direkt efter kassan nÃĊr en digital artikel finns i varukorgen. KrÃĊvs enligt art. 11a(4) direktiv 2011/83/EU â bevarar ett manipulationssÃĊkrat underlag av den juridiska texten som kunden godkÃĊnde, samt SHA-256-hashen fÃ¶r verifiering via hashkedja."
"Comma-separated. Receives a copy of every confirmation for audit purposes.","Kommaseparerad. FÃċr en kopia av varje bekrÃĊftelse fÃ¶r granskning."
"Branding (Shared by All Emails Above)","VarumÃĊrkesprofil (delas av alla mejl ovan)"
"Optional decoration of the customer-facing emails. Empty fields hide their respective rows. Brand wordmark, logo, support email, and store address are read from the standard Magento configuration tree (Stores â Configuration â General + Design â Transactional Emails).","Frivillig dekoration av kundmejlen. Tomma fÃĊlt dÃ¶ljer sina respektive rader. VarumÃĊrkesnamn, logotyp, supportmejl och butiksadress lÃĊses frÃċn Magentos standardkonfiguration (Butiker â Konfiguration â AllmÃĊnt + Design â Transaktionsmejl)."
"USP Strip â Item 1","USP-list â punkt 1"
"Icon","Ikon"
"Title","Rubrik"
"Subtitle","Underrubrik"
"USP Strip â Item 2","USP-list â punkt 2"
"USP Strip â Item 3","USP-list â punkt 3"
"Social Links","Sociala lÃĊnkar"
"Instagram URL","Instagram-URL"
"X / Twitter URL","X-/Twitter-URL"
"Facebook URL","Facebook-URL"
"YouTube URL","YouTube-URL"
"Order #","Order nr"
"Contract","Avtal"
"Submitter","Inskickare"
"Withdrawal submitted","ÃngerÃĊrende inskickat"
"Right of Withdrawal â Required Information","ÃngerrÃĊtt â Obligatorisk information"
"Before placing your order, please review the conditions, time limit, and procedures for exercising your 14-day right of withdrawal. This information forms part of your contract.","Innan du lÃĊgger din bestÃĊllning, vÃĊnligen lÃĊs villkoren, fristen och fÃ¶rfarandena fÃ¶r att utÃ¶va din 14-dagars ÃċngerrÃĊtt. Denna information utgÃ¶r en del av ditt avtal."
"Conditions, Time Limit and Procedures for Withdrawal","Villkor, frist och fÃ¶rfaranden fÃ¶r ÃċngerrÃĊtt"
"Start Online Return","Starta online-retur"
"Download Model Withdrawal Form (Annex I(B))","Ladda ner standardformulÃĊr fÃ¶r ÃċngerrÃĊtt (Bilaga I(B))"
"Withdrawal Information v%1 â Issued %2","Ãngerinformation v%1 â utfÃĊrdad %2"
"You'll receive a prepaid shipping label in the confirmation email.","Du fÃċr en fÃ¶rbetald fraktetikett i bekrÃĊftelsemejlet."
"â Back to order search","â Tillbaka till ordersÃ¶kning"
"â Back to items","â Tillbaka till artiklar"
"Find order","Hitta order"
"Enter your order number and email","Ange ordernummer och e-postadress"
"Select items","VÃĊlj artiklar"
"Choose items to return (partial withdrawal)","VÃĊlj artiklar att returnera (partiell ÃċngerrÃĊtt)"
"Review & confirm","Granska & bekrÃĊfta"
"Review your return details and confirm","Granska dina returdetaljer och bekrÃĊfta"
"Request submitted","BegÃĊran skickad"
"We'll confirm your request by email","Vi bekrÃĊftar din begÃĊran via e-post"
"I expressly consent to begin performance of the digital content before the withdrawal period expires.","Jag samtycker uttryckligen till att pÃċbÃ¶rja leveransen av det digitala innehÃċllet innan Ãċngerfristen lÃ¶per ut."
"I acknowledge that by giving this consent I lose my right of withdrawal once performance has begun (Art. 16(m) CRD).","Jag ÃĊr medveten om att jag genom detta samtycke fÃ¶rlorar min ÃċngerrÃĊtt sÃċ snart leveransen har pÃċbÃ¶rjats (art. 16 m i konsumentrÃĊttighetsdirektivet)."
"Withdrawals","ÃngerÃĊrenden"
"Minimum %1 characters required.","Minst %1 tecken krÃĊvs."
"Failed to add note.","Det gick inte att lÃĊgga till anteckning."
"Network error while adding note.","NÃĊtverksfel vid tillÃĊgg av anteckning."
"Exported Evidence","Underlag exporterat"
"Pending Confirm","VÃĊntar pÃċ bekrÃĊftelse"
"Sent","Skickad"
"Failed Permanent","Permanent misslyckad"
"Failed Retry","Misslyckad, fÃ¶rsÃ¶ker igen"
"Eligible","BerÃĊttigad"
"Excluded","Utesluten"
"Action","ÃtgÃĊrd"
"From","FrÃċn"
"To","Till"
"Admin Id","Admin-ID"
"Order Id","Order-ID"
"Request Id","BegÃĊran-ID"
"Item Count","Antal artiklar"
"Rules Fired","TillÃĊmpade regler"
"Topic","Ãmne"
"Message Id","Meddelande-ID"
"Email To Hash","E-posthash"
"Attempts","FÃ¶rsÃ¶k"
"Viewed At","Visad"
"Referrer Host","HÃĊnvisande vÃĊrd"
"Enable \Other\"" with Free Text""","Aktivera \Annat\"" med fritextfÃĊlt"""
"Optional legal template â not required to use; you can also exercise the right of withdrawal by any unequivocal statement.","Frivillig rÃĊttslig mall â ingen skyldighet att anvÃĊnda den; ÃċngerrÃĊtten kan ÃĊven utÃ¶vas genom en otvetydig fÃ¶rklaring."
"Right of withdrawal","ÃngerrÃĊtt"
"You have 14 days from the day you receive your order to withdraw without giving any reason â full refund to your original payment method.","Du har 14 dagar frÃċn den dag du tar emot din order att Ãċngra kÃ¶pet utan att ange nÃċgot skÃĊl â full Ãċterbetalning till din ursprungliga betalningsmetod."
"Some items may be excluded by law (perishable goods, custom-made items, sealed hygiene or audio/video products). We'll show you exactly what's eligible on the next page.","Vissa artiklar kan vara uteslutna i lag (lÃĊttfÃ¶rdÃĊrvliga varor, specialtillverkade artiklar, fÃ¶rseglade hygien- eller ljud-/videoprodukter). Vi visar exakt vad som ÃĊr berÃĊttigat pÃċ nÃĊsta sida."
"Direct link â no login or account password required.","DirektlÃĊnk â ingen inloggning eller kontolÃ¶sen krÃĊvs."
"Art. 16(m) CRD exclusion â digital content where the customer has (1) given express prior consent to begin performance and (2) acknowledged that they lose the withdrawal right. Two switches: the <em>Detection</em> subgroup decides what counts as digital (master switch), the <em>Checkout step + Email</em> subgroup renders the 2-checkbox waiver UX and dispatches the confirmation email. Both must be ON for the feature to work end-to-end. Use this only for <strong>one-time digital purchases</strong> (ebooks, software installers, music files, games). Do <strong>not</strong> enable it for ongoing digital <strong>subscriptions or services</strong> (SaaS, streaming, hosted software) â EU case law (CJEU Sky, C-641/19) requires a different consent flow for those.","Art. 16(m) CRD exclusion â digital content where the customer has (1) given express prior consent to begin performance and (2) acknowledged that they lose the withdrawal right. Two switches: the <em>Detection</em> subgroup decides what counts as digital (master switch), the <em>Checkout step + Email</em> subgroup renders the 2-checkbox waiver UX and dispatches the confirmation email. Both must be ON for the feature to work end-to-end. Use this only for <strong>one-time digital purchases</strong> (ebooks, software installers, music files, games). Do <strong>not</strong> enable it for ongoing digital <strong>subscriptions or services</strong> (SaaS, streaming, hosted software) â EU case law (CJEU Sky, C-641/19) requires a different consent flow for those."
"Customer-facing UX for the withdrawal flow. Subgroups: <em>Buttons</em> (legal-critical labels), <em>Placements</em> (where to surface the link), <em>Return Reasons</em> (per-item dropdown), <em>Review Step</em> (content on step 3 of the flow).","KundvÃĊnd UX fÃ¶r ÃċngerflÃ¶det. Undergrupper: <em>Knappar</em> (juridiskt avgÃ¶rande etiketter), <em>Placeringar</em> (var lÃĊnken ska visas), <em>Returorsaker</em> (rullgardinslista per artikel), <em>Granskningssteg</em> (innehÃċll i flÃ¶dets steg 3)."
"Disable only if you deliver the durable-medium confirmation through a different channel.","Inaktivera endast om du levererar bekrÃĊftelsen i varaktig form via en annan kanal."
"Disable only if you deliver the receipt through a different durable medium (postal mail, customer account download, etc.).","Inaktivera endast om du levererar kvittot via ett annat varaktigt medium (post, nedladdning i kundkontot m.m.)."
"Empty fields fall through to the locale baseline. Any override value becomes part of the SHA-256 hash stored per consent event â changing a field after customers have consented does <strong>not</strong> retroactively invalidate prior consents.","Tomma fÃĊlt faller tillbaka pÃċ baslinjen i the locale baseline fÃ¶r respektive sprÃċk/jurisdiktion. Varje Ã¶verskrivningsvÃĊrde blir en del av SHA-256-hashen som sparas per samtyckeshÃĊndelse â att ÃĊndra ett fÃĊlt efter att kunder har samtyckt ogiltigfÃ¶rklarar <strong>inte</strong> tidigare samtycken retroaktivt."
"Mandatory pre-contractual disclosure of the right of withdrawal. Displayed on the checkout payment step. Each display is logged forensically (Art. 10 defence). Snapshot of the rendered text is stored immutably (Art. 6(5)). <strong>Counsel review recommended before customising any Annex I text.</strong>","Obligatorisk fÃ¶rkontraktuell information om ÃċngerrÃĊtten. Visas i kassans betalningssteg. Varje visning loggas pÃċ ett bevismÃĊssigt sÃĊtt (fÃ¶rsvar enligt art. 10). En Ã¶gonblicksbild av den renderade texten lagras ofÃ¶rÃĊnderligt (art. 6.5). <strong>Juridisk granskning rekommenderas innan nÃċgon text i bilaga I anpassas.</strong>"
"Off = block hidden but display events still recorded server-side via predispatch fallback. Use only for sandbox testing. Default: on.","Av = blocket ÃĊr dolt men visningshÃĊndelser registreras fortfarande pÃċ serversidan via predispatch-reservlÃ¶sningen. AnvÃĊnd endast fÃ¶r sandbox-tester. Standard: pÃċ."
"Optional URLs rendered as round monogram badges in the email footer. Leave blank to hide.","Valfria URL:er som visas som runda monogrammÃĊrken i e-postsidfoten. LÃĊmna tomt fÃ¶r att dÃ¶lja."
"Sent when a customer cancels their own pending withdrawal.","Skickas nÃĊr en kund avbryter sitt eget vÃĊntande ÃċngerÃĊrende."
"Sent when a customer completes the withdrawal form.","Skickas nÃĊr en kund fyller i ÃċngerformulÃĊret."
"Sent when an admin approves a withdrawal request.","Skickas nÃĊr en administratÃ¶r godkÃĊnner en ÃċngerbegÃĊran."
"Sent when an admin cancels a withdrawal request on the customer's behalf.","Skickas nÃĊr en administratÃ¶r avbryter en ÃċngerbegÃĊran fÃ¶r kundens rÃĊkning."
"Sent when an admin denies a withdrawal request.","Skickas nÃĊr en administratÃ¶r avslÃċr en ÃċngerbegÃĊran."
"These presets exclude specific product categories from the 14-day withdrawal right, per Art. 16 CRD. Each rule is OFF by default â enable only after confirming the corresponding product attribute is set correctly on your catalog.","Dessa fÃ¶rinstÃĊllningar undantar specifika produktkategorier frÃċn den 14 dagar lÃċnga ÃċngerrÃĊtten enligt art. 16 CRD. Varje regel ÃĊr AV som standard â aktivera fÃ¶rst efter att du bekrÃĊftat att motsvarande produktattribut ÃĊr korrekt instÃĊllt i din katalog."
"e.g. ""EU orders above âỲ50""","t.ex. ""EU-ordrar Ã¶ver 50 âỲ"""
"e.g. ""Free delivery""","t.ex. ""Fri leverans"""
"Qty: ","Antal: "
"Submission failed. Please try again.","InlÃĊmning misslyckades. FÃ¶rsÃ¶k igen."
"Network error. Please try again.","NÃĊtverksfel. FÃ¶rsÃ¶k igen."
"Invalid server response.","Ogiltigt serversvar."
"Admin Notifications","AdministratÃ¶rsmeddelanden"
"Internal alerts to your team. Independent of the per-email <em>BCC Merchant</em> checkboxes under <em>Customer Notifications</em> below â if you enable both, you will receive two emails per request.","Interna varningar till ditt team. Oberoende av kryssrutorna <em>BCC till handlare</em> under <em>Kundmeddelanden</em> nedan â om du aktiverar bÃċda fÃċr du tvÃċ e-postmeddelanden per begÃĊran."
"1. New Request Alert","1. Avisering om ny begÃĊran"
"Sent the moment a customer completes the two-step withdrawal flow.","Skickas i det Ã¶gonblick en kund slutfÃ¶r tvÃċstegsprocessen fÃ¶r ÃċngerrÃĊtt."
"Recipient Email(s)","Mottagarens e-post"
"BCC","Hemlig kopia"
"New Withdrawal Request","Ny begÃĊran om ÃċngerrÃĊtt"
"A new withdrawal request was just submitted.","En ny begÃĊran om ÃċngerrÃĊtt har just skickats."
"Request:","BegÃĊran:"
"Order:","Order:"
"Customer:","Kund:"
"Refund Total:","Totalt Ãċterbetalningsbelopp:"
"[Withdrawal] New request %request_increment_id ÂṖ Order #%order_increment_id ÂṖ %refund_total","[ÃngerrÃĊtt] Ny begÃĊran %request_increment_id ÂṖ Order #%order_increment_id ÂṖ %refund_total"
"Anonymised","Anonymiserad"
"Audit","Revision"
"Cancel Order","Avbryt order"
"Confirmation Email (Art. 11a(4))","BekrÃĊftelse-e-post (art. 11a(4))"
"Detection (Art. 16(m))","Identifiering (art. 16(m))"
"Digital Waiver (Art. 16(m))","AvstÃċende fÃ¶r digitalt innehÃċll (art. 16(m))"
"Email Identity","AvsÃĊndaridentitet"
"ID","ID"
"Integrity hash","Integritetshash"
"Pre-Contract Proof","FÃ¶ravtalsbevis"
"Verify this receipt","Verifiera detta kvitto"
"Withdrawal Window","Ãngerfrist"
"This SHA-256 hash uniquely identifies your withdrawal record. Verify it at any time using the button above.","Detta SHA-256-hashvÃĊrde identifierar entydigt din Ãċngerregistrering. Du kan nÃĊr som helst verifiera det med knappen ovan."
"Digital content waiver confirmation â Order %increment_id","BekrÃĊftelse av avstÃċende fÃ¶r digitalt innehÃċll â Order %increment_id"
"Comma-separated. Each recipient receives a separate email rendered in their own admin locale (looked up via the admin user's interface_locale; fallback to general/locale/code). Invalid addresses dropped silently.","Kommaseparerade. Varje mottagare fÃċr ett separat e-postmeddelande renderat i sin egen admin-lokal (slÃċs upp via admin-anvÃĊndarens interface_locale; reserv â general/locale/code). Ogiltiga adresser slÃĊpps utan meddelande."
"Art. 16(m) CRD digital-content detection. Determines what counts as digital content for eligibility purposes. The actual checkout-step waiver UI and email lives in the next section ""Digital Waiver"".","Detektering av digitalt innehÃċll enligt art. 16(m) konsumentrÃĊttighetsdirektivet. AvgÃ¶r vad som rÃĊknas som digitalt innehÃċll fÃ¶r ÃċngerrÃĊttens syfte. SjÃĊlva avstÃċendegrÃĊnssnittet i kassan och e-posten finns i nÃĊsta avsnitt âAvstÃċende fÃ¶r digitalt innehÃċllâ."
"Art. 16(m) CRD exclusion â digital content where the customer has (1) given express prior consent to begin performance and (2) acknowledged that they lose the withdrawal right. Two switches control this feature end-to-end: the <em>Detection</em> subgroup under <em>Eligibility Rules</em> decides what counts as digital (master switch); this section renders the 2-checkbox waiver UX at checkout and dispatches the Art. 11a(4) confirmation email. Both must be ON for the feature to work end-to-end. Per-locale text overrides below. Use this only for <strong>one-time digital purchases</strong> (ebooks, software installers, music files, games). Do <strong>not</strong> enable it for ongoing digital <strong>subscriptions or services</strong> (SaaS, streaming, hosted software) â EU case law (CJEU Sky, C-641/19) requires a different consent flow for those.","Undantag art. 16(m) konsumentrÃĊttighetsdirektivet â digitalt innehÃċll dÃĊr kunden (1) uttryckligen i fÃ¶rvÃĊg samtyckt till att utfÃ¶randet inleds och (2) bekrÃĊftat fÃ¶rlust av ÃċngerrÃĊtten. TvÃċ brytare styr funktionen: undergruppen <em>Identifiering</em> under <em>BehÃ¶righetsregler</em> avgÃ¶r vad som rÃĊknas som digitalt (huvudbrytare); detta avsnitt renderar avstÃċende-UI med 2 kryssrutor i kassan och skickar bekrÃĊftelse-e-post enligt art. 11a(4). BÃċda mÃċste vara PÃ. TextÃ¶verstyrningar per sprÃċk nedan. AnvÃĊnd endast fÃ¶r <strong>digitala engÃċngskÃ¶p</strong> (e-bÃ¶cker, installationsprogram, musikfiler, spel). Aktivera <strong>inte</strong> fÃ¶r pÃċgÃċende digitala <strong>prenumerationer eller tjÃĊnster</strong> (SaaS, streaming, vÃĊrdtjÃĊnster) â EU-rÃĊttspraxis (CJEU Sky, C-641/19) krÃĊver ett annat samtyckesflÃ¶de."
"Defines <strong>when</strong> the 14-day withdrawal right starts running (the delivery trigger, Art. 9(2)(b)) and <strong>how long</strong> it lasts in days (Art. 9(2)). Together these control the period each order's withdrawal is open.","Definierar <strong>nÃĊr</strong> den 14-dagars ÃċngerrÃĊtten bÃ¶rjar lÃ¶pa (leveransutlÃ¶sare, art. 9(2)(b)) och <strong>hur lÃĊnge</strong> den varar i dagar (art. 9(2)). Tillsammans styr de perioden dÃċ varje orders ÃċngerrÃĊtt ÃĊr Ã¶ppen."
"Default 14 days per Art. 9(2). Extension allowed (e.g. 30, 100). Reduction below 14 is illegal â the field validates 14-3650 only.","Standard 14 dagar enligt art. 9(2). FÃ¶rlÃĊngning tillÃċten (t.ex. 30, 100). Minskning under 14 ÃĊr olaglig â fÃĊltet validerar endast 14-3650."
"When on, carts that contain a detected digital item render the 2-checkbox waiver step at checkout. Has no effect unless <em>Eligibility Rules â Detection â Enable Digital Content Detection</em> is also on.","NÃĊr aktiverat visar varukorgar med ett upptÃĊckt digitalt objekt avstÃċende-steget med 2 kryssrutor i kassan. Har ingen effekt om inte <em>BehÃ¶righetsregler â Identifiering â Aktivera identifiering av digitalt innehÃċll</em> ocksÃċ ÃĊr aktiverat."
"Optional. Comma-separated. Blind-copies the waiver-confirmation email to a merchant audit address. Leave blank to skip.","Valfritt. Kommaseparerade. Skickar en hemlig kopia av avstÃċende-bekrÃĊftelsemailen till en handlares revisionsadress. LÃĊmna tomt fÃ¶r att hoppa Ã¶ver."
"<strong>â  Legal warning.</strong> Art. 11a(2) CRD requires the literal text ""withdraw from contract here"" <em>or a corresponding unambiguous formulation</em>. The default value (""Withdraw from contract here"") is the Directive's verbatim phrase; Per-locale translations are counsel-signed. <strong>Do not override unless you have received written advice from qualified consumer-law counsel in the target jurisdiction.</strong> Every override is recorded in the audit log.","<strong>â  Juridisk varning.</strong> Art. 11a(2) konsumentrÃĊttighetsdirektivet krÃĊver den ordagranna texten âÃċterkalla frÃċn avtalet hÃĊrâ <em>eller en motsvarande otvetydig formulering</em>. StandardvÃĊrdet (âÃterkalla frÃċn avtalet hÃĊrâ) ÃĊr Direktivets ordagranna fras; ÃversÃĊttningar per sprÃċk ÃĊr juridiskt godkÃĊnda. <strong>Skriv inte Ã¶ver utan att ha fÃċtt skriftliga rÃċd frÃċn en kvalificerad konsumentrÃĊttsadvokat i mÃċlgruppens jurisdiktion.</strong> Varje Ã¶verskrivning registreras i revisionsloggen."
"<strong>â  Legal warning.</strong> This is the label on the final confirmation button. Default (""Confirm withdrawal"") is counsel-signed; Per-locale translations are counsel-signed. Override only with written legal advice; overrides are audit-logged.","<strong>â  Juridisk varning.</strong> Detta ÃĊr etiketten pÃċ den slutliga bekrÃĊftelseknappen. Standard (âBekrÃĊfta ÃċngerrÃĊttâ) ÃĊr juridiskt godkÃĊnd; ÃversÃĊttningar per sprÃċk ÃĊr juridiskt godkÃĊnda. Skriv Ã¶ver endast med skriftliga juridiska rÃċd; Ã¶verskrivningar registreras i revisionsloggen."
"Cancel the linked order? No payment has been captured, so there is nothing to refund â the order will be cancelled in Magento.","Avbryt den lÃĊnkade ordern? Ingen betalning har debiterats, sÃċ det finns inget att Ãċterbetala â ordern avbryts i Magento."
